{
    "fluentMethods": true,
    "relationships": [],
    "fields": [
        {
            "fieldName": "name",
            "fieldType": "String",
            "fieldValidateRules": [
                "required"
            ]
        },
        {
            "fieldName": "noOfItems",
            "fieldType": "Integer",
            "fieldValidateRules": [
                "required"
            ]
        },
        {
            "fieldName": "famousItemOfTheDay",
            "fieldType": "String"
        }
    ],
    "changelogDate": "20200506133720",
    "dto": "mapstruct",
    "service": "serviceImpl",
    "entityTableName": "hotel",
    "pagination": "no"
}
