{
    "fluentMethods": true,
    "relationships": [],
    "fields": [
        {
            "fieldName": "name",
            "fieldType": "String",
            "fieldValidateRules": [
                "required"
            ]
        },
        {
            "fieldName": "occupation",
            "fieldType": "String"
        },
        {
            "fieldName": "age",
            "fieldType": "Integer",
            "fieldValidateRules": [
                "required"
            ]
        }
    ],
    "changelogDate": "20200506133340",
    "dto": "mapstruct",
    "service": "serviceImpl",
    "entityTableName": "user",
    "pagination": "pager"
}
