{
  "generator-jhipster": {
    "jhipsterVersion": "3.12.2",
    "baseName": "demo",
    "packageName": "com.mindtree.demo",
    "packageFolder": "com/mindtree/demo",
    "serverPort": "8080",
    "authenticationType": "jwt",
    "hibernateCache": "ehcache",
    "clusteredHttpSession": false,
    "websocket": false,
    "databaseType": "sql",
    "devDatabaseType": "mysql",
    "prodDatabaseType": "mysql",
    "searchEngine": false,
    "messageBroker": false,
    "buildTool": "maven",
    "enableSocialSignIn": false,
    "jwtSecretKey": "0ec929c23923589835a1578a7576c03f76441c85",
    "useSass": false,
    "applicationType": "monolith",
    "testFrameworks": [
      "protractor"
    ],
    "jhiPrefix": "jhi",
    "enableTranslation": false
  }
}